City,Cloudiness,Country,Date,Humidity,Lat,Lng,Max Temp,Wind Speed
Sokolka,92,RU,1552662550,89,52.46,43.89,28.0,10.11
Ushuaia,0,AR,1552658400,51,-54.81,-68.31,59.0,13.87
Faanui,48,PF,1552662552,100,-16.48,-151.75,82.27,5.19
Kahului,1,US,1552662095,73,20.89,-156.47,69.8,4.7
Moerai,64,PF,1552662555,100,-22.43,-151.33,79.12,24.54
Dungarpur,0,IN,1552662870,31,23.85,73.71,73.36,8.55
Tilichiki,0,RU,1552662871,39,60.47,166.1,-26.45,2.62
Clyde River,75,CA,1552658400,83,70.47,-68.59,-11.21,6.93
Hithadhoo,92,MV,1552662874,100,-0.6,73.08,83.98,6.64
Porto Novo,75,BR,1552658400,73,-23.68,-45.44,77.0,4.7
Asyut,0,EG,1552658400,25,27.18,31.19,73.4,11.41
Tuktoyaktuk,40,CA,1552658400,77,69.44,-133.03,3.2,12.75
Las Palmas,75,PE,1552658400,290,-6.53,-76.35,62.6,2.24
Bluff,92,AU,1552662880,99,-23.58,149.07,67.33,5.64
Nikolskoye,75,RU,1552662791,91,59.7,30.79,37.99,13.42
Iqaluit,90,CA,1552658400,64,63.75,-68.52,-2.21,3.36
Mataura,0,NZ,1552662604,92,-46.19,168.86,48.99,3.51
Bonfim,40,BR,1552658400,45,-20.33,-44.24,86.0,4.7
Bracebridge,90,CA,1552662857,93,45.04,-79.31,39.99,11.41
Port Alfred,68,ZA,1552662621,94,-33.59,26.89,75.0,4.0
Port Moresby,92,PG,1552662890,100,-9.47,147.16,77.41,20.51
Rocha,80,UY,1552662891,85,-34.48,-54.34,72.64,10.45
Dikson,24,RU,1552662892,83,73.51,80.55,-2.15,3.96
Sinnamary,56,GF,1552662893,88,5.38,-52.96,82.0,12.46
Barrow,80,AR,1552662894,92,-38.31,-60.23,66.61,14.14
Qaanaaq,24,GL,1552662896,100,77.48,-69.36,-16.1,6.76
Albany,75,US,1552662853,71,42.65,-73.75,61.0,14.99
Cidreira,0,BR,1552662898,85,-30.17,-50.22,79.57,7.65
Hermanus,0,ZA,1552662042,71,-34.42,19.24,91.99,13.0
Jamestown,0,AU,1552662901,84,-33.21,138.6,51.85,6.76
Kodiak,1,US,1552662838,40,39.95,-94.76,39.0,20.8
Chernyshevskiy,80,RU,1552662903,88,63.01,112.47,22.06,3.74
Tara,20,JP,1552662904,66,33.0,130.15,50.0,16.11
Alvorada,20,BR,1552662799,61,-30.0,-51.08,82.99,3.36
Pangody,64,RU,1552662910,81,65.85,74.49,8.11,13.24
Isangel,32,VU,1552662911,100,-19.55,169.27,78.76,10.67
East London,75,ZA,1552658400,88,-33.02,27.91,75.2,10.29
Muroto,12,JP,1552662913,100,33.37,134.14,47.44,5.53
Consolacion del Sur,0,CU,1552662914,68,22.5,-83.51,81.73,6.64
Punta Arenas,90,CL,1552662787,87,-53.16,-70.91,53.01,6.93
Lorengau,92,PG,1552662918,96,-2.02,147.27,83.53,16.15
Severo-Kurilsk,76,RU,1552662919,100,50.68,156.12,23.59,10.0
Lang Son,92,VN,1552662922,96,21.83,106.73,61.66,3.74
Victoria,75,BN,1552660200,78,5.28,115.24,80.6,6.93
Araouane,0,ML,1552662924,18,18.9,-3.53,92.62,5.41
Rikitea,64,PF,1552662926,100,-23.12,-134.97,77.05,24.09
Norman Wells,75,CA,1552658400,91,65.28,-126.83,3.2,3.36
Vaini,0,IN,1552662929,48,15.34,74.49,78.67,2.95
Cape Town,0,ZA,1552662791,45,-33.93,18.42,91.99,11.41
Bathsheba,20,BB,1552658400,58,13.22,-59.52,84.2,16.11
Zhigansk,12,RU,1552662932,38,66.77,123.37,-11.87,2.73
Ondjiva,40,AO,1552658400,28,-17.07,15.73,95.0,4.7
Naze,40,NG,1552658400,62,5.43,7.07,89.6,3.36
Ketchikan,90,US,1552661400,93,55.34,-131.65,39.2,9.17
Sitka,0,US,1552662081,66,37.17,-99.65,37.0,10.0
Kapaa,90,US,1552662097,88,22.08,-159.32,68.0,3.36
Honiara,64,SB,1552662939,100,-9.43,159.96,74.35,1.05
Weligama,36,LK,1552662941,87,5.97,80.42,81.46,6.42
Mujiayingzi,92,CN,1552662942,85,42.12,118.78,28.72,2.62
Qasigiannguit,75,GL,1552661400,54,68.82,-51.19,5.0,5.82
Gaoyou,0,CN,1552662936,54,32.79,119.43,54.0,11.23
Lichtenburg,12,ZA,1552662945,22,-26.15,26.16,85.42,4.85
San Carlos de Bariloche,75,AR,1552658400,71,-41.13,-71.31,53.6,10.29
Perelyub,20,RU,1552662948,83,51.87,50.37,25.48,6.31
Provideniya,76,RU,1552662949,100,64.42,-173.23,18.64,21.74
Barela,0,IN,1552662951,55,23.1,80.05,70.75,5.19
San Patricio,64,PY,1552662953,73,-26.98,-56.83,81.37,3.62
Aksu,90,KZ,1552660200,93,52.04,76.93,35.6,13.42
Vanavara,76,RU,1552662956,87,60.35,102.28,30.25,5.64
Caravelas,24,BR,1552662957,100,-17.73,-39.27,83.98,13.02
Iracoubo,68,GF,1552662958,77,5.48,-53.21,81.46,6.42
Kassala,0,SD,1552662916,17,15.45,36.38,93.61,12.01
Palana,36,RU,1552662960,71,59.08,159.95,-11.15,2.51
Were Ilu,24,ET,1552662962,46,10.6,39.43,68.14,2.39
Manuk Mangkaw,20,PH,1552662963,98,4.8,119.85,81.91,14.14
Broome,20,GB,1552662955,54,52.47,1.45,59.0,24.16
Bam,12,IR,1552662725,32,29.11,58.36,65.35,11.01
Lompoc,1,US,1552662967,86,34.64,-120.46,50.0,4.7
Hobart,75,AU,1552662964,72,-42.88,147.33,59.0,6.93
Ribeira Grande,20,PT,1552660200,72,38.52,-28.7,62.6,10.29
Calbuco,40,CL,1552658400,87,-41.77,-73.13,57.2,6.93
Camacha,20,PT,1552660200,63,33.08,-16.33,66.2,10.29
Boguchany,12,RU,1552662975,88,58.38,97.46,30.34,5.41
Nosivka,12,UA,1552662977,57,50.94,31.58,42.22,10.33
Busselton,0,AU,1552662946,52,-33.64,115.35,64.99,17.83
Khatanga,44,RU,1552662979,71,71.98,102.47,-2.15,8.55
Nova Olinda do Norte,12,BR,1552662980,65,-3.89,-59.1,88.3,4.74
Avarua,76,CK,1552660200,94,-21.21,-159.78,77.0,10.29
Rio de Janeiro,75,BR,1552662904,78,-22.91,-43.21,93.2,21.92
Shingu,88,JP,1552662984,100,33.72,135.99,50.59,12.24
Bouake,40,CI,1552658400,44,7.69,-5.02,93.2,4.7
Atuona,0,PF,1552662986,99,-9.8,-139.03,82.45,15.82
Airai,92,TL,1552662987,78,-8.93,125.41,70.84,1.39
Lasa,40,CY,1552662972,72,34.92,32.53,59.0,6.93
Saint George,20,GR,1552659600,62,39.45,22.34,57.2,4.7
New Norfolk,75,AU,1552662975,72,-42.78,147.06,59.0,6.93
Chokurdakh,44,RU,1552662993,32,70.62,147.9,-21.68,3.06
Quechultenango,12,MX,1552662994,67,17.41,-99.24,67.24,1.72
Kidal,0,ML,1552662995,21,18.44,1.41,94.96,4.41
La Ronge,20,CA,1552658400,84,55.1,-105.3,-0.41,2.24
Nantucket,90,US,1552662970,87,41.28,-70.1,57.2,19.46
Tessalit,0,ML,1552663000,19,20.2,1.01,92.35,4.29
Upernavik,48,GL,1552662772,100,72.79,-56.15,-0.89,9.78
Tsabong,0,BW,1552663002,22,-26.02,22.4,95.23,4.74
Linxia,48,CN,1552663005,84,35.6,103.21,28.9,1.05
Geraldton,90,CA,1552658400,85,49.72,-86.95,14.0,14.99
Sao Gabriel da Cachoeira,75,BR,1552658400,88,-0.13,-67.09,80.6,4.7
Yellowknife,90,CA,1552662765,78,62.45,-114.38,14.0,9.17
Mar del Plata,8,AR,1552663009,69,-46.43,-67.52,61.93,6.76
Castro,0,CL,1552658400,67,-42.48,-73.76,60.8,9.17
Arraial do Cabo,20,BR,1552658400,74,-22.97,-42.02,89.6,9.17
Kununurra,92,AU,1552660200,88,-15.77,128.74,77.0,4.29
Houston,20,US,1552662855,40,29.76,-95.37,55.99,12.75
Saint-Philippe,90,CA,1552662980,81,45.36,-73.48,53.01,11.41
Bethel,1,US,1552658160,92,60.79,-161.76,14.0,5.82
Hilo,1,US,1552662919,82,19.71,-155.08,64.0,6.93
Ponta do Sol,32,BR,1552663024,89,-20.63,-46.0,79.84,3.85
Bambous Virieux,40,MU,1552662844,78,-20.34,57.76,81.0,5.82
Sao Filipe,0,CV,1552663026,78,14.9,-24.5,75.25,17.94
Puerto Escondido,5,MX,1552657260,69,15.86,-97.07,75.2,5.82
Tasiilaq,20,GL,1552661400,79,65.61,-37.64,19.4,4.7
Thompson,90,CA,1552658400,77,55.74,-97.86,3.2,12.75
Carnarvon,68,ZA,1552663032,22,-30.97,22.13,85.51,11.45
Antalaha,56,MG,1552663033,86,-14.9,50.28,80.92,9.33
Longyearbyen,75,NO,1552661400,77,78.22,15.63,5.0,9.17
Port Lincoln,8,AU,1552663036,93,-34.72,135.86,65.26,12.8
Zhigalovo,44,RU,1552663037,87,54.81,105.15,26.11,2.17
Anju,0,KP,1552663039,83,39.62,125.66,27.46,8.66
Taksimo,32,RU,1552663040,63,56.36,114.84,22.06,4.18
Fasa,75,IR,1552658400,55,28.94,53.65,60.8,11.41
Kendari,92,ID,1552663042,99,-3.99,122.52,71.2,2.95
Bredasdorp,12,ZA,1552662971,78,-34.53,20.04,80.01,16.11
Lebu,0,ET,1552663046,19,8.96,38.73,73.45,10.67
Vestmannaeyjar,90,IS,1552662000,100,63.44,-20.27,32.0,9.17
Tiarei,68,PF,1552662783,83,-17.53,-149.33,78.8,3.36
Baykit,88,RU,1552663050,92,61.68,96.39,28.36,3.18
Port Augusta,0,AU,1552662638,77,-32.49,137.76,69.8,10.29
Atambua,64,ID,1552663053,100,-9.11,124.89,78.04,3.51
Kaitangata,8,NZ,1552663054,85,-46.28,169.85,47.71,3.62
Sayyan,80,YE,1552663055,24,15.17,44.32,73.36,1.39
Khakhea,24,BW,1552663056,26,-24.69,23.5,91.9,6.98
Kaeo,92,NZ,1552662485,90,-35.1,173.78,66.0,6.31
Batemans Bay,100,AU,1552662946,76,-35.71,150.18,62.01,5.99
Jeremie,0,HT,1552663064,92,18.65,-74.12,79.48,5.3
Leningradskiy,32,RU,1552663065,78,69.38,178.42,-12.41,5.75
Port Blair,0,IN,1552662784,100,11.67,92.75,82.54,9.22
Puerto Ayora,0,EC,1552662925,78,-0.74,-90.35,78.8,9.17
Chorozinho,40,BR,1552658400,62,-4.3,-38.5,87.8,10.29
Chuy,88,UY,1552662910,91,-33.69,-53.46,75.79,8.1
Yumen,0,CN,1552663072,63,40.29,97.04,30.61,6.53
Kayerkan,48,RU,1552663073,84,69.35,87.76,4.96,6.2
Puerto del Rosario,20,ES,1552662000,77,28.5,-13.86,68.0,10.29
Haines Junction,24,CA,1552663075,67,60.75,-137.51,9.55,2.17
Maniitsoq,0,GL,1552663076,100,65.42,-52.9,2.8,8.1
Betsiamites,75,CA,1552662000,93,48.94,-68.65,39.2,10.29
Verkhoyansk,0,RU,1552663079,37,67.55,133.39,-25.64,2.62
Sambava,44,MG,1552663081,100,-14.27,50.17,82.81,14.25
Adrar,0,DZ,1552658400,14,27.87,-0.29,80.6,11.41
Bintulu,75,MY,1552658400,78,3.17,113.03,80.6,2.24
Saskylakh,76,RU,1552663087,73,71.97,114.09,0.1,10.22
Belyy,64,RU,1552663088,83,55.83,32.94,36.46,14.92
Port Elizabeth,75,US,1552662792,68,39.31,-74.98,69.01,19.46
Saint-Louis,75,CH,1552663083,76,47.59,7.56,55.4,18.34
Huarmey,0,PE,1552663092,59,-10.07,-78.15,78.04,3.96
Morgan City,75,US,1552663091,71,29.7,-91.21,57.2,8.05
Turayf,40,SA,1552658400,51,31.68,38.65,60.8,9.17
Mopipi,0,BW,1552663095,21,-21.2,24.86,93.07,12.46
Shiyan,36,CN,1552662898,60,32.65,110.78,45.0,3.0
Waipawa,12,NZ,1552662437,94,-39.94,176.59,61.0,2.73
Maonon,0,PH,1552663100,90,13.04,123.37,71.11,2.95
Mantua,20,IT,1552663089,45,45.16,10.79,72.0,4.7
Morant Bay,20,JM,1552658400,48,17.88,-76.41,82.4,1.12
Aloleng,0,PH,1552663103,97,16.13,119.78,77.68,2.73
Labuhan,68,ID,1552663105,95,-2.54,115.51,73.81,1.61
Stromness,90,CA,1552663080,81,42.87,-79.55,46.0,23.04
Santa Lucia,40,IT,1552662599,52,39.93,9.66,66.2,9.17
Tiksi,8,RU,1552663110,35,71.64,128.87,-23.84,2.73
Mount Gambier,0,AU,1552658400,93,-37.83,140.78,51.8,6.93
Beyneu,36,KZ,1552663113,45,45.32,55.19,39.97,13.69
Honningsvag,80,NO,1552662938,95,70.98,25.97,33.13,10.78
Danane,8,CI,1552663023,32,7.26,-8.15,99.82,4.41
Lagoa,0,PT,1552663027,32,37.14,-8.45,75.99,10.29
Keratea,75,GR,1552663081,71,37.81,23.98,54.0,8.05
Srandakan,100,ID,1552663119,95,-7.94,110.25,74.53,3.62
Yeppoon,90,AU,1552660200,83,-23.13,150.74,78.8,5.19
Camargo,68,MX,1552663121,41,27.69,-105.17,48.97,8.77
Plaster Rock,90,CA,1552663013,80,46.91,-67.4,39.2,13.87
Wainwright,68,CA,1552662961,83,52.84,-110.86,22.78,10.78
San Cristobal,40,EC,1552662954,77,-0.39,-78.55,60.8,3.36
Margate,75,AU,1552663095,72,-43.03,147.26,59.0,6.93
Lovozero,48,RU,1552663128,84,68.01,35.02,20.89,3.74
Dingle,0,PH,1552663129,78,11.0,122.67,76.87,11.68
Xichang,8,CN,1552663130,76,27.88,102.25,47.89,1.61
Farafangana,8,MG,1552663132,91,-22.82,47.83,80.02,11.01
Vila Franca do Campo,20,PT,1552663113,72,37.72,-25.43,60.8,8.05
Aykhal,80,RU,1552663134,79,65.95,111.51,16.75,4.63
Natal,75,BR,1552662000,94,-5.81,-35.21,80.6,9.17
Katsuura,20,JP,1552661472,87,33.93,134.5,45.0,6.93
Wajima,92,JP,1552663139,100,37.4,136.9,42.76,3.96
Grindavik,75,IS,1552662000,69,63.84,-22.43,41.0,5.82
Neumunster,75,DE,1552662986,76,54.07,9.98,51.8,36.91
Nyamuswa,20,TZ,1552663142,68,-1.9,34.02,76.87,1.72
Lavrentiya,88,RU,1552663143,100,65.58,-170.99,12.43,15.82
Laje,0,BR,1552663144,55,-13.18,-39.42,90.01,6.87
Butaritari,88,KI,1552663146,100,3.07,172.79,78.67,10.0
Elliot Lake,90,CA,1552662600,86,46.37,-82.65,33.8,16.11
Kalmunai,0,LK,1552663148,93,7.42,81.82,75.97,5.97
Orocue,92,CO,1552663150,100,4.79,-71.34,75.34,3.74
Necochea,92,AR,1552663091,57,-38.55,-58.74,75.99,5.99
San Rafael,0,AR,1552663157,26,-34.61,-68.33,66.52,10.22
Suntar,80,RU,1552663158,81,62.16,117.65,15.94,2.39
Sioux Lookout,90,CA,1552662780,73,50.1,-91.92,21.2,10.29
Algeciras,40,ES,1552662000,68,36.13,-5.45,75.2,12.75
Shimoda,75,JP,1552662911,49,34.7,138.93,48.2,2.24
Klaksvik,20,FO,1552661400,100,62.23,-6.59,41.0,17.22
Sao Joao da Barra,20,BR,1552658400,55,-21.64,-41.05,89.6,9.17
Boshnyakovo,76,RU,1552663165,83,49.65,142.17,16.75,5.53
Fuxin,88,CN,1552663166,51,42.02,121.65,22.15,4.41
Palmer,1,US,1552662938,63,61.6,-149.11,33.8,11.41
Solnechnyy,20,RU,1552663168,70,50.72,136.64,14.68,1.72
Kamina,24,CD,1552663171,55,-8.74,25.0,88.39,4.74
Udachnyy,80,RU,1552663172,82,66.42,112.4,17.65,3.74
Tabou,8,CI,1552663173,94,4.42,-7.36,85.24,12.24
Vila Velha,40,BR,1552663091,62,-3.71,-38.6,87.8,10.29
Avera,40,US,1552663154,73,33.19,-82.53,75.2,10.29
Los Llanos de Aridane,20,ES,1552663072,64,28.66,-17.92,69.8,6.93
Kruisfontein,36,ZA,1552663179,82,-34.0,24.73,70.39,15.82
Kenai,40,US,1552663024,79,60.55,-151.26,33.01,9.17
Teeli,0,RU,1552663181,65,51.01,90.2,11.98,1.16
Sakhipur,40,BD,1552660200,48,24.3,90.18,84.2,3.36
Cabo San Lucas,5,MX,1552662912,71,22.89,-109.91,66.0,8.05
Ahipara,56,NZ,1552661594,100,-35.17,173.16,66.0,7.09
Hailar,88,CN,1552663185,78,49.2,119.7,20.62,2.73
Stolin,80,BY,1552663187,91,51.89,26.85,43.12,16.26
Saint-Joseph,0,FR,1552663088,63,43.56,6.97,72.0,5.82
Razole,0,IN,1552663189,99,16.48,81.84,82.27,9.1
Whyalla,0,AU,1552658400,77,-33.04,137.58,69.8,10.29
Ilulissat,75,GL,1552661400,54,69.22,-51.1,5.0,5.82
Aliaga,90,PH,1552658400,94,15.5,120.85,77.0,4.7
Rome,0,IT,1552663144,42,41.89,12.48,64.4,8.05
Krasnoborsk,88,RU,1552663196,84,61.56,45.93,28.81,7.2
Rawson,75,AR,1552660200,93,-43.3,-65.11,62.6,9.17
Chapais,90,CA,1552662000,93,49.78,-74.86,41.0,17.22
College,1,US,1552662950,85,64.86,-147.8,24.01,7.31
Rio Tuba,0,PH,1552663201,92,8.51,117.43,81.01,9.1
Kinsale,75,IE,1552662720,76,51.71,-8.52,51.8,16.11
Arauca,75,VE,1552658400,62,7.08,-70.76,86.0,8.05
San Jeronimo,90,PE,1552658400,87,-13.65,-73.37,48.2,8.05
Monrovia,40,LR,1552662000,59,6.33,-10.8,93.2,11.41
Grand Gaube,40,MU,1552663144,78,-20.01,57.66,81.0,5.82
Yenagoa,24,NG,1552663208,67,4.92,6.26,90.82,8.66
Mnogovershinnyy,24,RU,1552663209,80,53.94,139.92,9.64,1.28
Basse,75,DE,1552663102,66,52.55,9.51,55.4,26.4
Tocache,76,PE,1552663212,85,-8.19,-76.51,65.17,2.39
Coquimbo,90,CL,1552658400,77,-29.95,-71.34,62.6,2.06
Biak,56,ID,1552663214,79,-0.91,122.88,82.81,7.2
Pacifica,40,US,1552663212,81,37.61,-122.49,48.99,1.61
Esperance,20,TT,1552662980,65,10.24,-61.45,84.99,13.87
Cururupu,64,BR,1552663217,96,-1.82,-44.87,81.01,5.97
Sandakan,40,MY,1552658400,78,5.84,118.12,80.6,5.82
Edgewater,1,US,1552663204,69,28.99,-80.9,81.0,6.93
Codrington,40,AU,1552663037,93,-28.95,153.24,68.0,4.7
Mariestad,90,SE,1552663142,86,58.71,13.82,39.99,4.7
Narsaq,20,GL,1552661400,57,60.91,-46.05,17.6,1.12
Correderos,20,HN,1552662972,61,15.42,-88.45,88.0,2.17
Dwarka,20,IN,1552662908,56,28.58,77.04,75.99,8.05
Vung Tau,64,VN,1552663229,92,10.35,107.08,82.36,19.06
Tura,44,IN,1552663158,85,25.52,90.21,65.17,3.62
Ongwediva,8,NA,1552658400,18,-17.78,15.77,100.4,4.7
Gravdal,75,NO,1552663209,93,59.79,5.78,41.0,11.41
Ishigaki,80,JP,1552663160,100,24.34,124.16,70.39,23.76
Jinxiang,0,CN,1552663234,35,35.07,116.31,45.19,10.0
Marsa Matruh,20,EG,1552662000,59,31.35,27.25,62.6,23.04
Usinsk,0,RU,1552663237,63,66.0,57.56,3.7,6.42
Meadow Lake,90,CA,1552662000,79,54.13,-108.44,19.4,2.24
Skrunda,92,LV,1552661400,100,56.68,22.02,39.2,6.93
Rio Cuarto,90,AR,1552658400,93,-33.13,-64.35,60.8,10.22
Pushkino,0,RU,1552663055,55,56.01,37.85,37.4,11.18
Fare,68,PF,1552663244,100,-16.7,-151.02,80.2,5.75
Hobyo,0,SO,1552663245,74,5.35,48.53,81.64,15.26
Upington,20,ZA,1552662000,18,-28.46,21.24,98.6,3.36
Kokopo,80,PG,1552663247,100,-4.34,152.27,77.5,4.52
Carndonagh,75,IE,1552659600,66,55.25,-7.27,48.2,25.28
Nuuk,75,GL,1552662761,66,64.17,-51.74,15.8,9.17
Elat,24,CM,1552663251,66,2.91,11.16,83.17,2.95
Tuatapere,8,NZ,1552662604,92,-46.13,167.69,48.99,4.18
Cherskiy,44,RU,1552663230,35,68.75,161.3,-23.75,3.18
Ngunguru,92,NZ,1552662485,90,-35.62,174.5,64.0,8.21
Verkhnyaya Toyma,80,RU,1552663255,85,62.24,45.0,26.47,8.21
Faya,40,SA,1552658400,52,18.39,42.45,73.4,13.87
Pimentel,88,BR,1552663258,74,-3.7,-45.5,86.59,3.62
Zaraza,20,VE,1552663233,43,9.35,-65.33,90.1,8.88
Makakilo City,1,US,1552663235,77,21.35,-158.09,71.6,4.7
Touros,75,BR,1552662000,94,-5.2,-35.46,80.6,9.17
Awjilah,0,LY,1552663259,37,29.14,21.3,68.59,17.38
Areosa,0,PT,1552663258,55,41.72,-8.86,73.0,5.82
Maunabo,40,PR,1552663252,65,18.01,-65.9,82.99,6.93
Druskininkai,90,LT,1552658400,86,54.02,23.98,39.2,8.95
Mazagao,75,BR,1552658400,74,-0.12,-51.29,87.8,13.87
Anadyr,90,RU,1552662787,78,64.73,177.51,8.6,15.66
Atasu,0,KZ,1552663269,92,48.68,71.64,27.73,14.25
Mananjary,92,MG,1552663270,93,-19.16,46.8,68.14,5.08
Hakkari,90,FI,1552663223,93,61.34,23.75,37.0,4.7
Igrim,76,RU,1552663273,74,63.19,64.42,19.99,12.01
Mildura,0,AU,1552662966,39,-34.18,142.16,64.4,6.93
Madimba,40,CM,1552662000,74,4.42,9.93,87.8,4.7
Tosno,75,RU,1552663235,87,59.54,30.88,37.99,13.42
Lexington,90,US,1552663212,57,38.05,-84.5,52.0,16.11
Alofi,75,NU,1552658400,100,-19.06,-169.92,75.2,2.24
Florianopolis,75,BR,1552662984,74,-27.6,-48.55,81.0,4.7
Liancheng,92,CN,1552663282,96,24.05,105.06,50.41,3.62
Manokwari,76,ID,1552663283,100,-0.87,134.08,78.85,12.01
Taoudenni,0,ML,1552663232,13,22.68,-3.98,89.02,13.8
Talnakh,44,RU,1552663191,85,69.49,88.39,2.17,4.18
Okhotsk,56,RU,1552663175,100,59.36,143.24,6.67,4.29
Flinders,75,AU,1552663145,100,-34.58,150.85,71.01,10.29
Dunedin,92,NZ,1552662701,92,-45.87,170.5,53.01,1.01
Parana,75,BR,1552660200,83,-7.52,-72.89,80.6,5.82
Ulagan,0,RU,1552663295,66,50.63,87.96,11.08,1.95
Vardo,90,US,1552663227,48,39.62,-77.74,71.01,6.93
Gamba,64,CN,1552663297,58,28.28,88.52,5.77,2.17
Pevek,20,RU,1552663182,44,69.7,170.27,-27.98,1.72
Praia da Vitoria,40,PT,1552662907,72,38.73,-27.07,63.0,13.91
Kamaishi,92,JP,1552663302,84,39.28,141.86,40.42,7.2
Cayenne,75,GF,1552660200,66,4.94,-52.33,84.2,12.75
Mehamn,75,NO,1552657800,86,71.03,27.85,32.0,27.51
Paita,90,PE,1552658400,290,-5.09,-81.11,62.6,8.05
Birao,24,CF,1552663307,12,10.3,22.78,100.54,14.14
Karratha,0,AU,1552663308,63,-20.74,116.85,80.11,8.66
Coihaique,40,CL,1552658400,71,-45.58,-72.07,57.2,2.24
Souris,90,CA,1552663241,74,46.36,-62.25,41.0,21.92
Mon,44,IN,1552663312,78,26.73,95.03,69.22,7.65
Souillac,75,FR,1552663090,93,45.6,-0.6,55.99,14.99
Nabire,80,ID,1552663236,98,-3.36,135.5,69.4,1.72
San Jose,36,PH,1552663316,96,15.79,120.99,71.83,2.06
Sahuaripa,76,MX,1552663317,74,29.05,-109.23,51.76,2.39
Warrenton,12,ZA,1552663209,29,-28.11,24.85,90.01,4.63
Nanortalik,0,GL,1552663171,100,60.14,-45.24,22.42,8.32
Burewala,0,PK,1552663321,61,30.16,72.68,66.34,4.74
Jalu,0,LY,1552663233,35,29.03,21.55,69.49,15.82
Altay,12,CN,1552663324,61,47.83,88.13,11.53,2.17
Te Anau,0,NZ,1552663258,92,-45.41,167.72,37.63,2.39
Ilhabela,32,BR,1552663326,100,-23.78,-45.36,80.02,8.99
Laguna,88,MX,1552663327,59,27.52,-110.01,56.71,1.95
Miyako,40,JP,1552663205,75,33.63,130.94,48.99,12.75
Katobu,92,ID,1552663330,100,-4.94,122.53,76.33,5.41
Sangar,0,RU,1552663331,62,63.92,127.47,-8.18,2.17
Russell,0,AR,1552662000,71,-33.01,-68.8,66.2,12.75
Busilac,36,PH,1552663333,95,16.48,121.12,65.71,1.61
Fairbanks,1,US,1552663001,85,64.84,-147.72,24.01,7.31
Georgetown,75,GY,1552658400,88,6.8,-58.16,80.6,4.7
Merauke,80,ID,1552663338,100,-8.49,140.4,75.52,4.74
Beloha,0,MG,1552663189,42,-25.17,45.06,80.74,16.71
Manaure,20,CO,1552658400,83,11.78,-72.45,77.0,9.17
Vostok,64,RU,1552663176,79,46.45,135.83,17.11,2.17
Saint-Pierre,90,FR,1552663325,87,48.95,4.24,55.4,23.04
Alice Springs,0,AU,1552660200,23,-23.7,133.88,73.4,3.36
Boyolangu,44,ID,1552663345,91,-8.09,111.9,73.0,5.3
Rincon,1,US,1552663309,69,32.3,-81.24,75.2,9.17
Ambilobe,92,MG,1552663347,100,-13.19,49.05,73.63,2.17
Oranjemund,68,ZA,1552663247,92,-28.55,16.43,65.08,6.76
Kondinskoye,92,RU,1552663349,92,59.65,67.41,28.72,14.58
Guerrero Negro,0,MX,1552663244,67,27.97,-114.04,49.15,6.53
Kangaatsiaq,68,GL,1552663352,100,68.31,-53.46,7.12,7.43
Nome,90,US,1552663182,91,30.04,-94.42,55.0,18.34
Australind,0,AU,1552663209,52,-33.28,115.72,64.0,13.24
Jaru,20,BR,1552663356,70,-10.43,-62.48,88.57,2.62
Sharjah,68,AE,1552658400,78,25.36,55.39,73.4,20.8
Guarapari,20,BR,1552662301,59,-20.67,-40.5,93.2,8.05
Tevriz,64,RU,1552663360,74,57.51,72.4,26.74,11.68
Deqing,44,CN,1552663359,54,30.54,119.97,55.0,2.24
Ohangaron,0,UZ,1552660200,31,40.91,69.65,64.4,4.7
Manzil Salim,20,TN,1552662000,41,35.86,8.48,60.8,18.34
Tabas,80,IR,1552663364,67,33.6,56.92,57.34,6.42
Matadi,8,CD,1552663366,83,-5.83,13.46,84.79,8.1
Atar,0,MR,1552663248,10,20.52,-13.05,92.26,12.24
Najran,40,SA,1552658400,27,17.54,44.22,89.6,9.17
Sosva,80,RU,1552663370,62,59.17,61.86,22.42,11.56
Luvianos,0,MX,1552663371,53,18.92,-100.4,64.9,2.73
Portachuelo,75,BO,1552658400,74,-17.35,-63.39,84.2,14.99
Batagay-Alyta,20,RU,1552663203,27,67.8,130.41,-20.51,2.62
Hofn,75,IS,1552662000,69,64.25,-15.21,39.2,9.17
Lima,75,PE,1552662728,88,-12.06,-77.04,73.0,5.82
Seoul,90,KR,1552661400,93,37.57,126.98,37.4,1.12
Shawnee,1,US,1552663280,41,35.33,-96.93,45.0,18.34
Kulachi,0,PK,1552663380,81,31.93,70.46,54.37,2.06
Oskemen,0,KZ,1552660200,69,49.96,82.61,33.8,2.24
Tres Arroyos,80,AR,1552663383,92,-38.38,-60.28,66.61,14.14
Mahebourg,40,MU,1552663144,78,-20.41,57.7,81.0,5.82
Ontario,1,US,1552663381,25,34.07,-117.65,63.0,2.95
Mahibadhoo,48,MV,1552663386,100,3.78,72.97,82.54,3.74
Springville,1,US,1552663223,73,40.17,-111.61,33.01,4.7
Nushki,68,PK,1552663389,63,29.55,66.02,52.39,2.17
Leh,56,IN,1552663211,68,34.16,77.58,-1.52,1.61
Sal Rei,0,CV,1552662000,61,16.18,-22.92,80.6,18.34
Olinda,40,EC,1552663237,79,-2.03,-79.75,86.0,3.36
Miramar,0,CR,1552662922,50,10.09,-84.73,77.0,13.87
Sorland,20,NO,1552661400,64,67.67,12.69,35.6,2.24
Sulangan,44,PH,1552663397,100,11.14,123.72,81.1,14.14
Hirado,20,JP,1552663387,81,33.32,129.49,48.0,15.01
Waitati,92,NZ,1552663241,92,-45.75,170.57,53.01,1.01
Sooke,90,CA,1552663350,93,48.37,-123.73,43.0,3.36
Guozhen,68,CN,1552663401,80,29.3,113.14,52.84,2.62
Conde,8,BR,1552663364,73,-11.81,-37.61,87.04,8.77
Mana,40,RS,1552662000,35,43.52,20.24,57.2,5.82
Okha,32,RU,1552663405,84,53.59,142.95,14.23,8.66
Magog,90,CA,1552663256,93,45.27,-72.15,46.4,3.36
Marzuq,0,YE,1552663407,37,14.4,46.47,77.95,6.08
Kavaratti,0,IN,1552663187,100,10.57,72.64,83.62,7.65
Constitucion,75,MX,1552662616,69,23.99,-104.67,55.0,2.24
Ostrogozhsk,92,RU,1552663411,90,50.86,39.08,31.69,12.46
Novobureyskiy,0,RU,1552663412,68,49.8,129.88,11.71,2.39
Caconda,32,AO,1552663413,98,-13.73,15.06,70.21,5.19
Nioro,0,GM,1552663414,16,13.79,-15.05,100.27,7.54
Onega,56,RU,1552663415,81,63.91,38.09,29.62,13.24
Catalina,75,CO,1552658400,78,8.86,-75.38,82.4,5.82
Kalmar,75,SE,1552662904,100,56.66,16.36,42.01,8.05
Roald,0,NO,1552662970,56,62.58,6.12,44.6,12.75
Toppenish,90,US,1552663364,59,46.38,-120.31,34.0,2.39
Poum,40,MK,1552662000,32,41.28,20.71,51.8,9.17
Fortuna,0,ES,1552663196,15,38.18,-1.13,78.01,4.7
Grimshaw,20,CA,1552663331,58,56.19,-117.61,28.4,10.29
Arcata,1,US,1552663128,100,40.87,-124.08,45.0,4.7
High Rock,0,BS,1552658400,69,26.63,-78.28,77.0,12.75
Deputatskiy,20,RU,1552663200,35,69.3,139.9,-24.74,2.84
Crotone,0,IT,1552661400,38,39.09,17.12,60.8,10.29
Kavieng,92,PG,1552663202,100,-2.57,150.8,78.31,12.8
Chengannur,0,IN,1552663430,49,9.32,76.61,83.89,1.39
Jiehu,0,CN,1552663431,58,35.54,118.45,32.05,3.18
Kalaleh,90,IR,1552658400,93,37.38,55.49,51.8,2.73
Rangapara,64,IN,1552663433,83,26.82,92.69,59.23,1.95
Port Huron,90,US,1552663416,75,42.98,-82.44,43.0,11.41
Nizwa,0,OM,1552663436,36,22.93,57.53,69.94,4.74
Antsohihy,56,MG,1552663437,87,-14.88,47.99,80.56,5.41
Singaparna,36,ID,1552663304,94,-7.35,108.11,65.8,1.95
Radchenko,80,RU,1552663439,86,56.68,36.37,33.4,16.04
Comodoro Rivadavia,75,AR,1552659000,82,-45.87,-67.48,60.8,8.05
Myitkyina,44,MM,1552663441,99,25.38,97.4,64.54,4.63
Bangassou,24,CF,1552663442,87,4.74,22.82,78.04,2.95
Tacuati,92,PY,1552663444,97,-23.46,-56.74,75.79,4.97
Koumac,48,NC,1552663445,98,-20.56,164.28,74.71,3.29
Yulara,36,AU,1552658400,44,-25.24,130.99,77.0,5.82
Teahupoo,76,PF,1552663383,83,-17.83,-149.27,78.8,3.36
Tromso,75,NO,1552663200,68,69.65,18.96,28.4,4.7
Acapulco,20,MX,1552657440,78,16.86,-99.88,75.2,4.18
Otofuke,32,JP,1552663454,66,43.02,143.2,13.87,1.95
Trelew,75,AR,1552660200,93,-43.25,-65.31,62.6,9.17
Otane,20,NZ,1552662437,94,-39.89,176.62,61.0,2.39
Markala,0,ML,1552663457,22,13.69,-6.07,98.38,9.22
Oil City,90,US,1552663345,65,41.43,-79.71,54.0,17.22
Xiongzhou,0,CN,1552663441,65,32.34,118.83,57.99,2.24
Sisimiut,48,GL,1552663461,69,66.94,-53.67,0.82,2.95
Omsukchan,12,RU,1552663191,0,62.53,155.8,-28.79,2.62
Mahanoro,92,MG,1552663463,81,-19.9,48.8,76.96,2.95
Yomou,0,GN,1552663464,29,7.57,-9.26,98.83,4.18
Buala,76,SB,1552663239,92,-8.15,159.59,81.01,5.41
Wattegama,68,LK,1552663211,71,7.35,80.68,78.04,4.18
Pacific Grove,1,US,1552663222,75,36.62,-121.92,50.0,9.17
Thouars,75,FR,1552663379,71,46.98,-0.22,57.2,12.75
Sydney,90,AU,1552663264,100,-33.85,151.22,66.99,1.12
Murray Bridge,0,AU,1552663204,62,-35.12,139.28,66.0,5.99
Calama,0,CL,1552658400,16,-22.46,-68.93,68.0,12.75
Bilma,0,NE,1552663473,14,18.69,12.92,88.48,11.01
Salalah,20,OM,1552657800,65,17.01,54.1,78.8,10.29
Liwale,0,TZ,1552663475,41,-9.8,37.92,88.12,6.98
Hokitika,92,NZ,1552663476,100,-42.72,170.96,62.47,7.65
Hasaki,75,JP,1552663176,65,35.73,140.83,48.2,4.7
Kalugumalai,0,IN,1552663478,59,9.15,77.7,81.37,8.55
Cabinda,20,AO,1552658400,66,-5.56,12.19,89.6,13.87
Sistranda,20,NO,1552663472,60,63.73,8.83,45.0,8.05
Buin,0,CL,1552663423,40,-33.73,-70.74,82.99,3.36
Muzaffarpur,40,IN,1552660200,45,26.12,85.39,82.4,3.36
Bogo,36,CM,1552658400,9,10.74,14.61,102.2,18.34
Tete,36,MZ,1552663486,39,-16.16,33.59,94.78,8.21
Surenavan,75,AM,1552662000,66,39.75,44.8,53.6,2.39
Bad Freienwalde,75,DE,1552663383,93,52.79,14.03,46.99,16.11
Rio Grande,40,BR,1552658400,61,-32.03,-52.1,80.6,3.36
Srednekolymsk,64,RU,1552663239,40,67.46,153.71,-13.22,3.18
Torbay,40,CA,1552663100,59,47.66,-52.73,37.99,8.05
Charagua,90,BO,1552658400,94,-19.79,-63.2,71.6,3.96
Kankan,8,GN,1552663495,17,10.38,-9.3,101.35,7.65
Montecristo,0,CO,1552663497,67,8.3,-74.47,85.33,1.39
Sotnikovo,75,RU,1552660200,64,51.88,107.48,37.4,2.24
Pangkalanbuun,24,ID,1552663500,92,-2.68,111.62,75.79,2.84
Nam Som,40,TH,1552660200,88,17.77,102.19,77.0,2.24
Port Hardy,90,CA,1552662540,93,50.7,-127.42,39.2,5.82
Belyy Yar,0,RU,1552660200,68,53.6,91.39,30.2,2.24
Rio Gallegos,0,AR,1552658400,55,-51.62,-69.22,62.6,12.75
General Roca,40,AR,1552658400,66,-39.03,-67.58,55.4,3.36
Pangnirtung,20,CA,1552662000,63,66.15,-65.72,-7.61,5.64
Coria,0,ES,1552663508,58,39.98,-6.54,66.61,4.07
Balabac,0,PH,1552663510,98,7.99,117.06,82.27,8.32
Whithorn,20,JM,1552662945,58,18.26,-78.04,84.2,14.99
Chase,90,US,1552663509,93,43.89,-85.64,37.0,10.29
Hay River,75,CA,1552662000,79,60.82,-115.79,23.0,5.82
Mmabatho,20,ZA,1552658400,33,-25.85,25.61,87.8,5.82
Inhambane,75,MZ,1552662000,69,-23.87,35.38,82.4,10.29
Amguri,44,IN,1552663518,78,26.81,94.53,69.22,7.65
Fuerte Olimpo,32,BR,1552663519,90,-21.04,-57.87,86.77,9.55
Centralia,90,US,1552663417,64,39.21,-92.14,37.99,20.8
Krasnovishersk,0,RU,1552663522,80,60.4,57.08,15.04,8.43
Praia,40,BR,1552658400,45,-20.25,-43.81,86.0,4.7
Ludvika,90,SE,1552663516,91,60.15,15.18,35.01,1.12
Taikang,8,CN,1552663526,55,46.86,124.44,20.44,8.1
Samana,90,EC,1552659900,100,0.12,-76.97,71.6,4.7
Namatanai,88,PG,1552663206,100,-3.66,152.44,80.02,11.56
Half Moon Bay,40,US,1552663238,81,37.46,-122.43,48.99,3.18
Ponta Delgada,20,PT,1552663173,72,37.73,-25.67,60.8,8.05
Kautokeino,88,NO,1552663532,89,69.01,23.04,28.09,4.63
Myrtle Beach,1,US,1552663513,69,33.7,-78.89,78.01,13.87
Puro,0,PH,1552663226,90,13.13,123.76,71.11,2.95
Kalmanka,0,RU,1552660200,55,52.9,83.53,37.4,11.18
Verkhnyaya Inta,0,RU,1552663537,79,65.99,60.32,10.45,2.17
Hualmay,12,PE,1552663538,74,-11.1,-77.61,76.69,5.75
San Andres,20,PH,1552663540,100,13.32,122.68,80.47,10.67
Port Lavaca,90,US,1552663530,47,28.61,-96.63,55.4,17.22
Sao Jose da Coroa Grande,12,BR,1552663184,79,-8.9,-35.15,86.05,10.22
Mitsamiouli,20,KM,1552662000,66,-11.38,43.28,86.0,4.7
Madingou,32,CG,1552663547,63,-4.17,13.56,88.12,2.95
Padilla,75,CO,1552662000,65,3.23,-76.31,78.8,2.24
Naas,75,IE,1552663434,66,53.22,-6.66,50.0,24.16
Basco,90,US,1552663220,80,40.33,-91.2,36.0,21.92
Hamilton,40,BM,1552662933,59,32.3,-64.78,66.2,8.05
Altoona,90,US,1552663547,54,40.52,-78.39,61.0,16.11
Cairns,92,AU,1552662802,88,-16.92,145.77,78.8,4.7
Saint-Francois,90,FR,1552662938,67,46.42,3.91,57.2,17.22
Nha Trang,0,VN,1552660200,78,12.24,109.19,80.6,10.29
Tezu,92,IN,1552663196,98,27.93,96.16,54.82,1.05
Mercedes,76,UY,1552663561,86,-33.25,-58.03,73.18,5.97
Mokrous,8,RU,1552663562,86,51.24,47.51,27.37,8.66
Calvinia,76,ZA,1552663563,22,-31.47,19.78,91.27,4.97
Umm Lajj,0,SA,1552663564,70,25.02,37.27,72.37,11.68
Bilibino,76,RU,1552663565,45,68.06,166.44,-16.55,2.73
Kutum,0,SD,1552663190,16,14.2,24.66,87.31,8.21
Kovur,0,IN,1552663569,67,14.5,79.99,77.68,7.99
Ocos,5,GT,1552660800,58,14.51,-92.19,86.0,2.24
Cruzeiro do Sul,75,BR,1552662000,83,-7.63,-72.67,80.6,5.82
